train_MAE,val_MAE,test_MAE,Params,ModelMB,CPUms,N1,N2,Train_A,Val_A,Test_A,Train_B,Val_B,Test_B
0.876739501953125,1.0191835165023804,0.9588776230812073,102961.0,0.4160337448120117,4.78759765625,804,959,120,121,563,143,144,672
